fpobservation.code[key],code.code,code.system,code.display
"Trouble falling or staying asleep, or sleeping too much in last 2 weeks.frequency [Reported PHQ-9 CMS]",54641-6,http://loinc.org,"Trouble falling or staying asleep, or sleeping too much in last 2 weeks.frequency [Reported PHQ-9 CMS]"
Temporal orientation - current day of the week [BIMS],54609-3,http://loinc.org,Temporal orientation - current day of the week [BIMS]
Acute onset mental status change [CAM.CMS],54632-5,http://loinc.org,Acute onset mental status change [CAM.CMS]
Poor appetite or overeating in last 2 weeks.frequency [Reported PHQ-9 CMS],54645-7,http://loinc.org,Poor appetite or overeating in last 2 weeks.frequency [Reported PHQ-9 CMS]
Feeling bad about yourself - or that you are a failure or have let yourself or your family down in last 2 weeks.presence [Reported PHQ-9 CMS],54646-5,http://loinc.org,Feeling bad about yourself - or that you are a failure or have let yourself or your family down in last 2 weeks.presence [Reported PHQ-9 CMS]
Recall - sock [BIMS],52735-8,http://loinc.org,Recall - sock [BIMS]
Feeling tired or having little energy in last 2 weeks.presence [Reported PHQ-9 CMS],54642-4,http://loinc.org,Feeling tired or having little energy in last 2 weeks.presence [Reported PHQ-9 CMS]
Moving or speaking so slowly that other people could have noticed. Or the opposite - being so fidgety or restless that you have been moving around a lot more than usual in last 2 weeks.frequency [Reported PHQ-9 CMS],54651-5,http://loinc.org,Moving or speaking so slowly that other people could have noticed. Or the opposite - being so fidgety or restless that you have been moving around a lot more than usual in last 2 weeks.frequency [Reported PHQ-9 CMS]
Little interest or pleasure in doing things in last 2 weeks.presence [Reported PHQ-9 CMS],54636-6,http://loinc.org,Little interest or pleasure in doing things in last 2 weeks.presence [Reported PHQ-9 CMS]
Total score [MMSE],72106-8,http://loinc.org,Total score [MMSE]
"Thoughts that you would be better off dead, or of hurting yourself in some way in last 2 weeks.presence [Reported PHQ-9 CMS]",54652-3,http://loinc.org,"Thoughts that you would be better off dead, or of hurting yourself in some way in last 2 weeks.presence [Reported PHQ-9 CMS]"
"Trouble concentrating on things, such as reading the newspaper or watching television in last 2 weeks.frequency [Reported PHQ-9 CMS]",54649-9,http://loinc.org,"Trouble concentrating on things, such as reading the newspaper or watching television in last 2 weeks.frequency [Reported PHQ-9 CMS]"
Disorganized thinking in last 7 days [CAM.CMS],54629-1,http://loinc.org,Disorganized thinking in last 7 days [CAM.CMS]
"Thoughts that you would be better off dead, or of hurting yourself in some way in last 2 weeks.frequency [Reported PHQ-9 CMS]",54653-1,http://loinc.org,"Thoughts that you would be better off dead, or of hurting yourself in some way in last 2 weeks.frequency [Reported PHQ-9 CMS]"
Little interest or pleasure in doing things in last 2 weeks.frequency [Reported PHQ-9 CMS],54637-4,http://loinc.org,Little interest or pleasure in doing things in last 2 weeks.frequency [Reported PHQ-9 CMS]
Brief Interview for Mental Status - summary score [BIMS],54614-3,http://loinc.org,Brief Interview for Mental Status - summary score [BIMS]
"Feeling down, depressed or hopeless in last 2 weeks.presence [Reported PHQ-9 CMS]",54638-2,http://loinc.org,"Feeling down, depressed or hopeless in last 2 weeks.presence [Reported PHQ-9 CMS]"
Repetition of three words # [BIMS],52731-7,http://loinc.org,Repetition of three words # [BIMS]
Mood interview total severity score [Reported PHQ-9 CMS],54654-9,http://loinc.org,Mood interview total severity score [Reported PHQ-9 CMS]
Total score [MoCA],72172-0,http://loinc.org,Total score [MoCA]
Moving or speaking so slowly that other people could have noticed. Or the opposite - being so fidgety or restless that you have been moving around a lot more than usual in last 2 weeks.presence [Reported PHQ-9 CMS],54650-7,http://loinc.org,Moving or speaking so slowly that other people could have noticed. Or the opposite - being so fidgety or restless that you have been moving around a lot more than usual in last 2 weeks.presence [Reported PHQ-9 CMS]
Temporal orientation - current year [BIMS],52732-5,http://loinc.org,Temporal orientation - current year [BIMS]
"Feeling down, depressed or hopeless in last 2 weeks.frequency [Reported PHQ-9 CMS]",54639-0,http://loinc.org,"Feeling down, depressed or hopeless in last 2 weeks.frequency [Reported PHQ-9 CMS]"
Recall - blue [BIMS],52736-6,http://loinc.org,Recall - blue [BIMS]
Feeling bad about yourself - or that you are a failure or have let yourself or your family down in last 2 weeks.frequency [Reported PHQ-9 CMS],54647-3,http://loinc.org,Feeling bad about yourself - or that you are a failure or have let yourself or your family down in last 2 weeks.frequency [Reported PHQ-9 CMS]
Feeling tired or having little energy in last 2 weeks.frequency [Reported PHQ-9 CMS],54643-2,http://loinc.org,Feeling tired or having little energy in last 2 weeks.frequency [Reported PHQ-9 CMS]
Inattention in last 7 days [CAM.CMS],54628-3,http://loinc.org,Inattention in last 7 days [CAM.CMS]
Poor appetite or overeating in last 2 weeks.presence [Reported PHQ-9 CMS],54644-0,http://loinc.org,Poor appetite or overeating in last 2 weeks.presence [Reported PHQ-9 CMS]
"Trouble concentrating on things, such as reading the newspaper or watching television in last 2 weeks.presence [Reported PHQ-9 CMS]",54648-1,http://loinc.org,"Trouble concentrating on things, such as reading the newspaper or watching television in last 2 weeks.presence [Reported PHQ-9 CMS]"
Recall - bed [BIMS],52737-4,http://loinc.org,Recall - bed [BIMS]
"Trouble falling or staying asleep, or sleeping too much in last 2 weeks.presence [Reported PHQ-9 CMS]",54640-8,http://loinc.org,"Trouble falling or staying asleep, or sleeping too much in last 2 weeks.presence [Reported PHQ-9 CMS]"
Temporal orientation - current month [BIMS],52733-3,http://loinc.org,Temporal orientation - current month [BIMS]
